<?xml version="1.0" encoding="UTF-8"?>
<configurationDescriptor version="100">
  <logicalFolder name="root" displayName="root" projectFiles="true" kind="ROOT">
    <logicalFolder name="HeaderFiles"
                   displayName="Header Files"
                   projectFiles="true">
      <itemPath>debug.h</itemPath>
      <itemPath>mybucket.h</itemPath>
      <itemPath>mycache.h</itemPath>
      <itemPath>myrecord.h</itemPath>
    </logicalFolder>
    <logicalFolder name="ResourceFiles"
                   displayName="Resource Files"
                   projectFiles="true">
    </logicalFolder>
    <logicalFolder name="SourceFiles"
                   displayName="Source Files"
                   projectFiles="true">
      <itemPath>dummy_file.c</itemPath>
    </logicalFolder>
    <logicalFolder name="TestFiles"
                   displayName="Test Files"
                   projectFiles="false"
                   kind="TEST_LOGICAL_FOLDER">
    </logicalFolder>
    <logicalFolder name="ExternalFiles"
                   displayName="Important Files"
                   projectFiles="false"
                   kind="IMPORTANT_FILES_FOLDER">
      <itemPath>Makefile</itemPath>
    </logicalFolder>
  </logicalFolder>
  <projectmakefile>Makefile</projectmakefile>
  <confs>
    <conf name="Debug" type="3" platformSpecific="true">
      <toolsSet>
        <compilerSet>GNU|GNU</compilerSet>
        <platform>2</platform>
        <dependencyChecking>true</dependencyChecking>
        <rebuildPropChanged>true</rebuildPropChanged>
      </toolsSet>
      <compileType>
        <cTool>
          <standard>3</standard>
          <commandLine>-Wall -pedantic</commandLine>
          <preprocessorList>
            <Elem>DEBUG_LIB</Elem>
          </preprocessorList>
          <warningLevel>3</warningLevel>
        </cTool>
        <ccTool>
          <commandLine>-Wall -pedantic</commandLine>
        </ccTool>
        <archiverTool>
        </archiverTool>
      </compileType>
      <item path="debug.h" ex="false" tool="3" flavor2="0">
      </item>
      <item path="dummy_file.c" ex="false" tool="0" flavor2="0">
      </item>
      <item path="mybucket.h" ex="false" tool="3" flavor2="0">
      </item>
      <item path="mycache.h" ex="false" tool="3" flavor2="0">
      </item>
      <item path="myrecord.h" ex="false" tool="3" flavor2="0">
      </item>
    </conf>
    <conf name="Release" type="3" platformSpecific="true">
      <toolsSet>
        <compilerSet>default</compilerSet>
        <platform>2</platform>
        <dependencyChecking>true</dependencyChecking>
        <rebuildPropChanged>true</rebuildPropChanged>
      </toolsSet>
      <compileType>
        <cTool>
          <developmentMode>5</developmentMode>
          <standard>3</standard>
          <preprocessorList>
            <Elem>DEBUG_LIB</Elem>
          </preprocessorList>
        </cTool>
        <ccTool>
          <developmentMode>5</developmentMode>
        </ccTool>
        <fortranCompilerTool>
          <developmentMode>5</developmentMode>
        </fortranCompilerTool>
        <asmTool>
          <developmentMode>5</developmentMode>
        </asmTool>
        <archiverTool>
        </archiverTool>
      </compileType>
      <item path="debug.h" ex="false" tool="3" flavor2="0">
      </item>
      <item path="dummy_file.c" ex="false" tool="0" flavor2="0">
      </item>
      <item path="mybucket.h" ex="false" tool="3" flavor2="0">
      </item>
      <item path="mycache.h" ex="false" tool="3" flavor2="0">
      </item>
      <item path="myrecord.h" ex="false" tool="3" flavor2="0">
      </item>
    </conf>
  </confs>
</configurationDescriptor>
