<?xml version="1.0" encoding="UTF-8"?>
<project-private xmlns="http://www.netbeans.org/ns/project-private/1">
    <data xmlns="http://www.netbeans.org/ns/make-project-private/1">
        <activeConfTypeElem>1</activeConfTypeElem>
        <activeConfIndexElem>0</activeConfIndexElem>
    </data>
    <editor-bookmarks xmlns="http://www.netbeans.org/ns/editor-bookmarks/2" lastBookmarkId="0"/>
    <open-files xmlns="http://www.netbeans.org/ns/projectui-open-files/2">
        <group name="SO-LABS-Solutions">
            <file>file:/C:/Users/guille/rsync-temp/docencia/so-ingles/Exercises/MYDBMS.v1/OS-L3-DBMS-Step1/store_engine/main.c</file>
        </group>
        <group name="OS-L3-DBMS-Step1">
            <file>file:/C:/Users/guille/Documents/NetBeansProjects/OS-ingles/OS-L3-DBMS-Step1/store_engine/main.c</file>
        </group>
        <group>
            <file>file:/D:/notes/os/Labs/OS-L3-DBMS-Step1_v2/store_engine/main.c</file>
        </group>
    </open-files>
</project-private>
