<?xml version="1.0" encoding="UTF-8"?>
<project-private xmlns="http://www.netbeans.org/ns/project-private/1">
    <data xmlns="http://www.netbeans.org/ns/make-project-private/1">
        <activeConfTypeElem>3</activeConfTypeElem>
        <activeConfIndexElem>0</activeConfIndexElem>
    </data>
    <editor-bookmarks xmlns="http://www.netbeans.org/ns/editor-bookmarks/2" lastBookmarkId="0"/>
    <open-files xmlns="http://www.netbeans.org/ns/projectui-open-files/2">
        <group name="SO-LABS">
            <file>file:/C:/Users/guille/rsync-temp/docencia/so-ingles/MYDBMS.v1/OS-L3-DBMS-Step2/mystore_srv/mystore_srv.h</file>
            <file>file:/C:/Users/guille/rsync-temp/docencia/so-ingles/MYDBMS.v1/OS-L3-DBMS-Step2/mystore_srv/messages.h</file>
        </group>
        <group name="OS-L3-DBMS-Step2">
            <file>file:/C:/Users/guille/Documents/NetBeansProjects/OS-ingles/OS-L3-DBMS-Step2/mystore_srv/libmystore_srv.c</file>
        </group>
        <group name="OS-L3-DBMS-Step2-solved">
            <file>file:/C:/Users/guille/Documents/NetBeansProjects/OS-ingles/OS-L3-DBMS-Step2/mystore_srv/libmystore_srv.c</file>
        </group>
        <group name="Clase 2023-L3-S2_v2">
            <file>file:/C:/Users/guille/Documents/NetBeansProjects/OS-ingles/OS-L3-DBMS-Step2_v2/mystore_srv/messages.h</file>
            <file>file:/C:/Users/guille/Documents/NetBeansProjects/OS-ingles/OS-L3-DBMS-Step2_v2/mystore_srv/libmystore_srv.c</file>
        </group>
    </open-files>
</project-private>
