<?xml version="1.0" encoding="UTF-8"?>
<configurationDescriptor version="100">
  <logicalFolder name="root" displayName="root" projectFiles="true" kind="ROOT">
    <logicalFolder name="HeaderFiles"
                   displayName="Header Files"
                   projectFiles="true">
      <itemPath>mystore_cli.h</itemPath>
    </logicalFolder>
    <logicalFolder name="ResourceFiles"
                   displayName="Resource Files"
                   projectFiles="true">
    </logicalFolder>
    <logicalFolder name="SourceFiles"
                   displayName="Source Files"
                   projectFiles="true">
      <itemPath>libmystore_cli.c</itemPath>
    </logicalFolder>
    <logicalFolder name="TestFiles"
                   displayName="Test Files"
                   projectFiles="false"
                   kind="TEST_LOGICAL_FOLDER">
    </logicalFolder>
    <logicalFolder name="ExternalFiles"
                   displayName="Important Files"
                   projectFiles="false"
                   kind="IMPORTANT_FILES_FOLDER">
      <itemPath>Makefile</itemPath>
    </logicalFolder>
  </logicalFolder>
  <projectmakefile>Makefile</projectmakefile>
  <confs>
    <conf name="Debug" type="3" platformSpecific="true">
      <toolsSet>
        <compilerSet>GNU|GNU</compilerSet>
        <platform>2</platform>
        <dependencyChecking>true</dependencyChecking>
        <rebuildPropChanged>true</rebuildPropChanged>
      </toolsSet>
      <compileType>
        <cTool>
          <standard>3</standard>
          <incDir>
            <pElem>../mycache</pElem>
            <pElem>../mystore_srv</pElem>
          </incDir>
          <preprocessorList>
            <Elem>_XOPEN_SOURCE</Elem>
          </preprocessorList>
          <warningLevel>3</warningLevel>
        </cTool>
        <archiverTool>
        </archiverTool>
        <requiredProjects>
          <makeArtifact PL="../mycache"
                        CT="3"
                        CN="Debug"
                        AC="true"
                        BL="true"
                        WD="../mycache"
                        BC="${MAKE}  -f Makefile CONF=Debug"
                        CC="${MAKE}  -f Makefile CONF=Debug clean"
                        OP="${CND_DISTDIR}/${CND_CONF}/${CND_PLATFORM}/libmycache.a">
          </makeArtifact>
          <makeArtifact PL="../mystore_srv"
                        CT="3"
                        CN="Debug"
                        AC="true"
                        BL="true"
                        WD="../mystore_srv"
                        BC="${MAKE}  -f Makefile CONF=Debug"
                        CC="${MAKE}  -f Makefile CONF=Debug clean"
                        OP="${CND_DISTDIR}/${CND_CONF}/${CND_PLATFORM}/libmystore_srv.a">
          </makeArtifact>
        </requiredProjects>
      </compileType>
      <item path="libmystore_cli.c" ex="false" tool="0" flavor2="0">
      </item>
      <item path="mystore_cli.h" ex="false" tool="3" flavor2="0">
      </item>
    </conf>
    <conf name="Release" type="3">
      <toolsSet>
        <compilerSet>default</compilerSet>
        <dependencyChecking>true</dependencyChecking>
        <rebuildPropChanged>false</rebuildPropChanged>
      </toolsSet>
      <compileType>
        <cTool>
          <developmentMode>5</developmentMode>
        </cTool>
        <ccTool>
          <developmentMode>5</developmentMode>
        </ccTool>
        <fortranCompilerTool>
          <developmentMode>5</developmentMode>
        </fortranCompilerTool>
        <asmTool>
          <developmentMode>5</developmentMode>
        </asmTool>
        <archiverTool>
        </archiverTool>
      </compileType>
      <item path="libmystore_cli.c" ex="false" tool="0" flavor2="0">
      </item>
      <item path="mystore_cli.h" ex="false" tool="3" flavor2="0">
      </item>
    </conf>
  </confs>
</configurationDescriptor>
