<?xml version="1.0" encoding="UTF-8"?>
<project-private xmlns="http://www.netbeans.org/ns/project-private/1">
    <data xmlns="http://www.netbeans.org/ns/make-project-private/1">
        <activeConfTypeElem>3</activeConfTypeElem>
        <activeConfIndexElem>0</activeConfIndexElem>
    </data>
    <editor-bookmarks xmlns="http://www.netbeans.org/ns/editor-bookmarks/2" lastBookmarkId="0"/>
    <open-files xmlns="http://www.netbeans.org/ns/projectui-open-files/2">
        <group/>
        <group name="OS-L3-DBMS-Step1">
            <file>file:/C:/Users/guille/Documents/NetBeansProjects/OS-ingles/OS-L3-DBMS-Step1/mycache/mybucket.h</file>
            <file>file:/C:/Users/guille/Documents/NetBeansProjects/OS-ingles/OS-L3-DBMS-Step1/mycache/mycache.h</file>
            <file>file:/C:/Users/guille/Documents/NetBeansProjects/OS-ingles/OS-L3-DBMS-Step1/mycache/libmycache.c</file>
            <file>file:/C:/Users/guille/Documents/NetBeansProjects/OS-ingles/OS-L3-DBMS-Step1/mycache/myrecord.h</file>
        </group>
        <group name="Clase 2023 L2-struct">
            <file>file:/C:/Users/guille/Documents/NetBeansProjects/OS-ingles/OS-L3-DBMS-Step1/mycache/mybucket.h</file>
            <file>file:/C:/Users/guille/Documents/NetBeansProjects/OS-ingles/OS-L3-DBMS-Step1/mycache/mycache.h</file>
            <file>file:/C:/Users/guille/Documents/NetBeansProjects/OS-ingles/OS-L3-DBMS-Step1/mycache/myrecord.h</file>
        </group>
        <group name="Clase 2023 L3">
            <file>file:/C:/Users/guille/Documents/NetBeansProjects/OS-ingles/OS-L3-DBMS-Step1/mycache/libmycache.c</file>
        </group>
        <group name="Clase 2023-L3">
            <file>file:/C:/Users/guille/Documents/NetBeansProjects/OS-ingles/OS-L3-DBMS-Step1/mycache/libmycache.c</file>
        </group>
        <group name="Clase 2023-L3_v2">
            <file>file:/C:/Users/guille/Documents/NetBeansProjects/OS-ingles/OS-L3-DBMS-Step1_v2/mycache/libmycache.c</file>
            <file>file:/C:/Users/guille/Documents/NetBeansProjects/OS-ingles/OS-L3-DBMS-Step1_v2/mycache/mybucket.h</file>
            <file>file:/C:/Users/guille/Documents/NetBeansProjects/OS-ingles/OS-L3-DBMS-Step1_v2/mycache/myrecord.h</file>
            <file>file:/C:/Users/guille/Documents/NetBeansProjects/OS-ingles/OS-L3-DBMS-Step1_v2/mycache/mycache.h</file>
        </group>
    </open-files>
</project-private>
