<?xml version="1.0" encoding="UTF-8"?>
<configurationDescriptor version="100">
  <logicalFolder name="root" displayName="root" projectFiles="true" kind="ROOT">
    <logicalFolder name="HeaderFiles"
                   displayName="Header Files"
                   projectFiles="true">
    </logicalFolder>
    <logicalFolder name="ResourceFiles"
                   displayName="Resource Files"
                   projectFiles="true">
    </logicalFolder>
    <logicalFolder name="SourceFiles"
                   displayName="Source Files"
                   projectFiles="true">
      <itemPath>main.c</itemPath>
    </logicalFolder>
    <logicalFolder name="TestFiles"
                   displayName="Test Files"
                   projectFiles="false"
                   kind="TEST_LOGICAL_FOLDER">
    </logicalFolder>
    <logicalFolder name="ExternalFiles"
                   displayName="Important Files"
                   projectFiles="false"
                   kind="IMPORTANT_FILES_FOLDER">
      <itemPath>Makefile</itemPath>
    </logicalFolder>
  </logicalFolder>
  <projectmakefile>Makefile</projectmakefile>
  <confs>
    <conf name="Debug" type="1" platformSpecific="true">
      <toolsSet>
        <compilerSet>GNU|GNU</compilerSet>
        <platform>2</platform>
        <dependencyChecking>true</dependencyChecking>
        <rebuildPropChanged>true</rebuildPropChanged>
      </toolsSet>
      <compileType>
        <cTool>
          <standard>3</standard>
          <incDir>
            <pElem>../mycache</pElem>
          </incDir>
          <commandLine>-Wall -pedantic</commandLine>
          <warningLevel>3</warningLevel>
        </cTool>
        <ccTool>
          <commandLine>-Wall -pedantic</commandLine>
        </ccTool>
        <linkerTool>
          <linkerCopySharedLibs>true</linkerCopySharedLibs>
          <linkerLibItems>
            <linkerLibProjectItem>
              <makeArtifact PL="../mycache"
                            CT="3"
                            CN="Debug"
                            AC="true"
                            BL="true"
                            WD="../mycache"
                            BC="${MAKE}  -f Makefile CONF=Debug"
                            CC="${MAKE}  -f Makefile CONF=Debug clean"
                            OP="${CND_DISTDIR}/${CND_CONF}/${CND_PLATFORM}/libmycache.a">
              </makeArtifact>
            </linkerLibProjectItem>
          </linkerLibItems>
        </linkerTool>
      </compileType>
      <packaging>
        <packType>Tar</packType>
        <packFileList>
          <packFileListElem type="File"
                            to="${PACKAGE_TOP_DIR}bin/libmycache.so"
                            from="${CND_DISTDIR}/${CND_CONF}/${CND_PLATFORM}/libmycache.so"
                            perm="755"
                            owner="root"
                            group="bin"/>
          <packFileListElem type="File"
                            to="${PACKAGE_TOP_DIR}bin/${OUTPUT_BASENAME}"
                            from="${OUTPUT_PATH}"
                            perm="755"
                            owner="root"
                            group="bin"/>
          <packFileListElem type="File"
                            to="${PACKAGE_TOP_DIR}bin/${OUTPUT_BASENAME}"
                            from="${OUTPUT_PATH}"
                            perm="755"
                            owner="root"
                            group="bin"/>
          <packFileListElem type="File"
                            to="${PACKAGE_TOP_DIR}bin/${OUTPUT_BASENAME}"
                            from="${OUTPUT_PATH}"
                            perm="755"
                            owner="root"
                            group="bin"/>
          <packFileListElem type="File"
                            to="${PACKAGE_TOP_DIR}bin/${OUTPUT_BASENAME}.exe"
                            from="${OUTPUT_PATH}.exe"
                            perm="755"
                            owner="root"
                            group="bin"/>
          <packFileListElem type="File"
                            to="${PACKAGE_TOP_DIR}bin/${OUTPUT_BASENAME}"
                            from="${OUTPUT_PATH}"
                            perm="755"
                            owner="root"
                            group="bin"/>
          <packFileListElem type="File"
                            to="${PACKAGE_TOP_DIR}bin/${OUTPUT_BASENAME}.exe"
                            from="${OUTPUT_PATH}.exe"
                            perm="755"
                            owner="root"
                            group="bin"/>
          <packFileListElem type="File"
                            to="${PACKAGE_TOP_DIR}bin/${OUTPUT_BASENAME}.exe"
                            from="${OUTPUT_PATH}.exe"
                            perm="755"
                            owner="root"
                            group="bin"/>
          <packFileListElem type="File"
                            to="${PACKAGE_TOP_DIR}bin/${OUTPUT_BASENAME}"
                            from="${OUTPUT_PATH}"
                            perm="755"
                            owner="root"
                            group="bin"/>
          <packFileListElem type="File"
                            to="${PACKAGE_TOP_DIR}bin/${OUTPUT_BASENAME}.exe"
                            from="${OUTPUT_PATH}.exe"
                            perm="755"
                            owner="root"
                            group="bin"/>
          <packFileListElem type="File"
                            to="${PACKAGE_TOP_DIR}bin/${OUTPUT_BASENAME}"
                            from="${OUTPUT_PATH}"
                            perm="755"
                            owner="root"
                            group="bin"/>
          <packFileListElem type="File"
                            to="${PACKAGE_TOP_DIR}bin/${OUTPUT_BASENAME}"
                            from="${OUTPUT_PATH}"
                            perm="755"
                            owner="root"
                            group="bin"/>
          <packFileListElem type="File"
                            to="${PACKAGE_TOP_DIR}bin/${OUTPUT_BASENAME}"
                            from="${OUTPUT_PATH}"
                            perm="755"
                            owner="root"
                            group="bin"/>
        </packFileList>
      </packaging>
      <item path="main.c" ex="false" tool="0" flavor2="0">
      </item>
    </conf>
    <conf name="Release" type="1">
      <toolsSet>
        <compilerSet>default</compilerSet>
        <dependencyChecking>true</dependencyChecking>
        <rebuildPropChanged>false</rebuildPropChanged>
      </toolsSet>
      <compileType>
        <cTool>
          <developmentMode>5</developmentMode>
        </cTool>
        <ccTool>
          <developmentMode>5</developmentMode>
        </ccTool>
        <fortranCompilerTool>
          <developmentMode>5</developmentMode>
        </fortranCompilerTool>
        <asmTool>
          <developmentMode>5</developmentMode>
        </asmTool>
      </compileType>
      <item path="main.c" ex="false" tool="0" flavor2="0">
      </item>
    </conf>
  </confs>
</configurationDescriptor>
